[{
    "id": 1,
    "priority": 1,
    "action": {
        "type": "modifyHeaders",
        "responseHeaders": [
            {
                "header": "content-security-policy-report-only",
                "operation": "append",
                "value": "script-src 'nonce-2726c7f26c'"
            }

        ]
    },
    "condition": { "urlFilter": "netflix.com/*", "resourceTypes": ["main_frame", "sub_frame"] }
},
 {
     "id": 2,
     "priority": 1,
     "action": {
         "type": "modifyHeaders",
         "responseHeaders": [
             {
                 "header": "content-security-policy-report-only",
                 "operation": "append",
                 "value": "script-src 'nonce-2726c7f26c'"
             }

         ]
     },
     "condition": { "urlFilter": "*.netflix.com/*", "resourceTypes": ["main_frame", "sub_frame"] }
 }
]
